name,area,ranked,files,test_files,prod_loc,test_loc,gen_loc,test_ratio,funcs,sum_cyclo,max_cyclo,sum_cognit,max_cognit,median_cognit,cognit_per_100loc,funcs_over_cyclo,funcs_over_cognit,stmts,covered,cov_pct,uncovered_cognit,commits_90d,lines_changed_90d,commits_180d,lines_changed_180d,fan_in,fan_out
capture:strategy,capture,true,40,59,19322,34012,0,1.76,502,2794,31,3022,62,3.0,15.6,34,34,6661,5149,77.3,227,813,32869,1698,68858,0,0
capture:checkpoint-store,capture,true,36,52,12494,18028,0,1.44,420,1803,28,1854,48,2.0,14.8,12,18,4060,3255,80.2,81,608,29248,787,36951,0,0
cmd:trail,command,true,10,14,8221,7270,0,0.88,343,1678,35,1697,52,3.0,20.6,11,11,3726,2414,64.8,468,339,19335,397,23997,0,0
cmd:review,command,true,28,29,9452,11897,0,1.26,343,1695,31,1663,47,3.0,17.6,15,14,3645,2540,69.7,340,428,13744,695,39506,0,0
test-infra,test-infra,false,37,122,10210,31535,0,3.09,506,1494,22,1319,48,1.0,12.9,3,5,3917,1498,38.2,807,413,19248,831,36153,0,0
cmd:control-plane,command,true,14,15,5796,5331,0,0.92,205,843,26,1033,56,3.0,17.8,2,9,2104,1375,65.4,411,407,18636,478,21503,0,0
cmd:explain,command,true,8,9,5694,10555,0,1.85,154,910,29,1028,45,4.0,18.1,7,12,2139,1722,80.5,75,202,7148,475,22089,0,0
cmd:session,command,true,11,9,5506,10352,0,1.88,176,932,30,1018,44,3.5,18.5,6,8,2204,1686,76.5,98,324,12711,550,25227,0,0
cmd:enable-disable-configure,command,true,4,5,4328,7016,0,1.62,134,794,40,886,61,2.0,20.5,14,13,1738,1265,72.8,82,158,8365,310,15803,0,0
cmd:auth-login,command,true,34,39,7169,10033,0,1.40,288,1013,20,840,27,2.0,11.7,1,3,2070,1763,85.2,27,512,22227,717,32863,0,0
cmd:search,command,true,8,9,5099,5308,0,1.04,148,800,51,839,105,3.0,16.5,8,8,1987,1460,73.5,117,261,15795,290,19983,0,0
cmd:investigate,command,true,22,21,5764,5721,0,0.99,170,813,32,803,47,3.0,13.9,8,6,1937,1461,75.4,92,23,1425,264,17843,0,0
capture:transcript,capture,true,12,13,3393,3226,0,0.95,108,613,27,797,55,4.0,23.5,5,10,1305,1149,88.0,6,28,1610,118,8282,0,0
capture:hooks-lifecycle,capture,true,13,16,5447,9284,0,1.70,145,769,56,778,83,3.0,14.3,10,5,1879,1500,79.8,46,294,15264,486,22698,0,0
cmd:plugin,command,true,11,12,4399,3957,0,0.90,130,683,23,725,34,3.0,16.5,5,7,1493,984,65.9,192,148,8560,199,11186,0,0
agent:claudecode,agents,true,15,12,3346,5164,0,1.54,109,524,23,630,49,2.0,18.8,4,7,1106,946,85.5,1,104,5178,188,9025,0,0
agent:codex,agents,true,14,13,3354,3667,0,1.09,136,601,26,627,46,2.0,18.7,5,7,1235,1023,82.8,16,160,10542,277,16711,0,0
platform:git-remote-entire,platform,true,21,18,3258,5220,0,1.60,87,508,27,600,49,3.0,18.4,7,7,1186,889,75.0,47,90,3081,159,10494,0,0
capture:redaction,capture,true,10,11,2945,4765,0,1.62,108,459,19,507,33,2.0,17.2,1,4,952,853,89.6,1,92,3469,148,8529,0,0
cmd:doctor,command,true,7,8,2307,2950,0,1.28,66,406,27,478,52,4.0,20.7,5,5,978,685,70.0,129,122,4893,205,9529,0,0
cmd:dispatch,command,true,16,17,2771,4627,0,1.67,99,461,32,474,48,2.0,17.1,2,4,1012,759,75.0,53,54,2107,295,14431,0,0
agent:framework,agents,true,31,20,4675,5184,0,1.11,201,549,17,422,24,1.0,9.0,1,1,1144,851,74.4,62,144,4762,307,10846,0,0
infra:settings,infra,true,5,7,2955,3184,0,1.08,124,482,17,411,28,2.0,13.9,1,1,946,787,83.2,21,122,4345,248,10002,0,0
agent:factoryaidroid,agents,true,7,5,1888,2932,0,1.55,74,331,33,372,49,2.0,19.7,2,4,720,619,86.0,3,31,1571,60,2127,0,0
cmd:import,command,true,16,17,2219,3502,0,1.58,76,308,20,335,42,2.0,15.1,1,2,693,556,80.2,20,178,7953,178,7953,0,0
cmd:recap,command,true,8,4,1886,1343,0,0.71,80,371,21,292,22,3.0,15.5,2,1,768,585,76.2,45,15,290,50,3637,0,0
infra:git-layer,infra,true,13,13,2395,3503,0,1.46,109,364,18,290,23,1.0,12.1,1,1,709,610,86.0,16,88,4615,143,6481,0,0
cmd:blame-why,command,true,1,2,1451,1190,0,0.82,60,286,26,288,53,2.0,19.8,2,2,633,503,79.5,24,42,1664,51,3543,0,0
cmd:checkpoint,command,true,6,4,1760,1142,0,0.65,67,305,24,284,32,3.0,16.1,1,1,677,538,79.5,30,79,3271,86,3709,0,0
cmd:activity,command,true,4,4,1513,1087,0,0.72,47,240,30,281,54,3.0,18.6,3,3,634,413,65.1,55,20,819,57,4356,0,0
agent:geminicli,agents,true,9,7,1710,3037,0,1.78,61,260,20,273,33,1.0,16.0,2,4,629,544,86.5,5,19,636,77,2751,0,0
cmd:experts,command,true,3,2,1353,1035,0,0.76,61,270,40,268,54,2.0,19.8,4,3,579,472,81.5,2,38,2672,42,2792,0,0
agent:pi,agents,true,8,7,1581,1846,0,1.17,65,254,24,262,54,2.0,16.6,1,2,510,405,79.4,8,51,2508,82,5661,0,0
infra:observability,infra,true,14,13,2337,3398,0,1.45,91,321,12,257,16,2.0,11.0,0,0,625,519,83.0,19,139,6063,259,9673,0,0
cmd:status,command,true,2,2,1276,2850,0,2.23,41,211,32,250,53,2.0,19.6,2,2,518,436,84.2,5,56,1618,105,3661,0,0
capture:cell-routing,capture,true,13,11,2288,2897,0,1.27,65,267,16,236,25,3.0,10.3,1,1,547,467,85.4,13,171,7561,234,9491,0,0
agent:copilotcli,agents,true,7,6,1475,2892,0,1.96,61,239,24,235,32,2.0,15.9,1,2,480,422,87.9,0,24,605,63,2198,0,0
agent:cursor,agents,true,7,5,1602,2863,0,1.79,59,247,22,235,27,1.0,14.7,1,2,543,459,84.5,0,29,1535,91,8122,0,0
cmd:runner,command,true,7,3,1186,508,0,0.43,39,200,20,223,42,2.0,18.8,2,3,494,175,35.4,144,15,1720,15,1720,0,0
agent:opencode,agents,true,10,4,1456,2236,0,1.54,61,225,13,220,19,2.0,15.1,0,0,463,353,76.2,14,33,1472,71,2264,0,0
agent:vogon,agents,false,4,2,1121,136,0,0.12,55,182,23,185,44,1.0,16.5,2,2,380,53,13.9,158,12,490,25,1413,0,0
capture:session-state,capture,true,4,4,1683,1753,0,1.04,54,210,18,184,35,1.0,10.9,1,2,363,328,90.4,0,60,1837,104,2867,0,0
cmd:checkpoint-policy,command,true,9,11,1052,1211,0,1.15,51,192,14,166,17,2.0,15.8,0,0,423,353,83.5,0,109,3151,109,3151,0,0
cmd:labs-version-shell,command,true,13,10,1346,1631,0,1.21,45,145,14,151,24,1.0,11.2,0,2,383,253,66.1,43,104,2742,189,4327,0,0
cmd:agent-help-mcp,command,true,3,4,1105,1624,0,1.47,32,149,15,146,30,2.0,13.2,0,1,308,277,89.9,1,50,3596,50,3596,0,0
platform:coreapi-handwritten,platform,true,5,4,1173,1209,0,1.03,39,150,16,141,23,2.0,12.0,1,2,277,225,81.2,3,44,2383,57,3166,0,0
infra:process-layer,infra,true,15,8,944,783,0,0.83,37,143,15,121,14,1.0,12.8,0,0,193,140,72.5,4,37,1549,48,1961,0,0
cmd:clean,command,true,1,1,533,867,0,1.63,14,95,19,112,24,8.5,21.0,1,1,249,142,57.0,48,9,92,70,3895,0,0
cmd:api-passthrough,command,true,1,1,471,251,0,0.53,16,99,12,105,16,5.0,22.3,0,0,208,113,54.3,44,17,910,17,910,0,0
cmd:agent,command,true,4,3,580,257,0,0.44,20,78,9,86,17,2.5,14.8,0,0,191,164,85.9,0,8,326,19,893,0,0
infra:ui-utils,infra,true,14,9,853,1183,0,1.39,34,103,10,72,9,1.5,8.4,0,0,210,180,85.7,10,40,792,71,1792,0,0
cmd:tokens,command,true,1,1,404,324,0,0.80,15,68,9,67,13,3.0,16.6,0,0,173,148,85.5,0,23,922,23,922,0,0
generated:coreapi,generated,false,11,0,0,0,49269,0.00,0,0,0,0,0,0.0,0.0,0,0,0,0,n/a,0,82,54842,106,89799,0,0
